job,salary,city,education,workday,worktime,job_good,job_detail,company_pic,company_name,company_scale,company_class
实习生（数据分析部）,120-130／天,广州,本科,3天／周,实习6个月,职位诱惑：成长快，工作氛围良好，待遇好,岗位职责：协助数据运营中心进行资料搜集、整理，资料审核以及其他辅助性工作。协助数据分析师在公司数据库内完成数据清洗，配置规则和监控等辅助工作。任职要求：1. 能保证半年以上时间段内，每周至少有3天到岗时间2. 诚实正直、成熟稳重、善于交流3. 良好的沟通协调能力和团队协作精神4. 相关专业（统计学、数学、信息工程、计算机等）本科5. 熟练使用MS Office办公软件（Excel、Power Point）,https://sxsimg.xiaoyuanzhao.com/9E/85/9E383E96837AC4F67173E36E004B2A85.png,赛惟咨询,50-150人,企业服务
市场部数据分析实习生,120-121／天,广州,本科,4天／周,实习12个月,职位诱惑：外企 世界500强 市场部 数据分析 快消,"市场部数据统计实习生-百威英博华南事业部实习期：2017年9-12月,每周至少3天工作职责与要求：- 本科或本科以上，统计学专业优先；- 擅长Excel,数据分析，工作认真仔细；- 有相关数据建模经验优先；",https://sxsimg.xiaoyuanzhao.com/AC/76/AC28D61B242B02708EF8F728F4DAFF76.jpg,百威英博,2000人以上,快消
手游数据分析师,150-250／天,广州,大专,5天／周,实习3个月,职位诱惑：双休包餐 五险一金 员工培训,1、监控数据，实时发现并解决广告投放中出现的问题；022、数据分析，分析市场投放效果并提出有建设性的改进意见；023、优化并不断改进市场广告流程以及后台等工具。02岗位要求：021、大专及以上学历，理工类专业优先；022、爱玩游戏，热爱互联网或游戏行业，致力于在游戏行业发展；3、熟练运用word、excel、ppt等office办公软件；4、内敛细心，勤奋踏实，责任心强，具有良好的团队合作精神。5、能承受强大工作压力，适应游戏公司的快节奏及适度加班。,https://sxsimg.xiaoyuanzhao.com/DC/45/DC6349CDFEE9F33B4056B9715257EB45.jpg,大蓝游戏,50-150人,计算机/互联网
实习工程师岗位（JAVA开发、数据开发、数据分析挖掘方向),115-200／天,广州,本科,5天／周,实习12个月,职位诱惑：转正后13薪+年终奖+六险一金+节日礼品+员工体检等,"【岗位职责】 1.0202学习数据库开发、java开发、数据挖掘及大数据开发技术； 2.0202学习本地项目业务流程，完成基本开发任务； 3.0202负责客户意见反馈与问题跟踪，自行解决简单问题； 4.0202实习期满视个人能力及工作意愿转相应开发岗位。 【岗位要求】 1.0202具有全日制普通高等院校本科(含)在读生或应届毕业生，计算机、软件、数学、统计等相关专业； 2.0202对软件开发有浓厚兴趣，有志于投身民族软件事业； 3.0202有良好的沟通与团队合作精神，有较强的分析解决问题的能力； 4.0202熟悉一种或几种主流数据库，如Oracle,Hive,Mysql,SQL Server等并且能熟练编写SQL语句（数据库开发方向）； 5.0202熟悉数理统计原理，熟悉R、CLEMENTINE、SAS等（数据分析挖掘方向）； 6.0202熟悉java、JSP、java script和HTML、XML（java开发方向）； ",https://sxsimg.xiaoyuanzhao.com/22/7B/22B423F3ACCB56C620622B3396FFD07B.jpg,东方国信,2000人以上,计算机/互联网
数据分析实习生,80-150／天,广州,本科,4天／周,实习10个月,职位诱惑：大数据；人工智能；年轻团队；实习奖金,工作职责：6102负责挖掘互联网企业数据来源，并对这些数据与材料加以分析和使用；6102负责企业数据的维度枚举及整理分类，并确保各项分析报表的准确性和及时性；6102通过数据分析结果，给各相关业务带来专业准确的意见和建议；6102负责向开发工程师提出数据爬取需求，并跟进数据爬取的开发进度。工作要求：6102本科及以上学历，有相关数据分析经验者优先；6102掌握常用的数据统计分析方法及相关的软件工具；6102具备较强的数据敏感度，善于发现应用价值高的数据来源；6102熟练使用Excel，Word等常用的Office办公软件；6102有数据库经验者优先；6102工作细心，有耐心，具备良好的团队协作能力 ,https://sxsimg.xiaoyuanzhao.com/84/EA/840111AC10F5D7D35D22026EBAAFC2EA.png,探迹,50-150人,计算机/互联网
数据分析工程师（实习生）,150-300／天,广州,不限,4天／周,实习4个月,职位诱惑：丰厚薪资、实习证明、下午茶、周末双休,该职位接受暑期实习&长期实习。岗位职责：1、负责金融行业数据挖掘和数学建模的相关工作；2、负责数据挖掘领域的分析研究，包括数据挖掘算法的分析研究，特定工程的数据挖掘模型的需求分析、建模；3、负责数据挖掘系统的开发，包括需求分析、系统设计、系统测试和优化。招聘要求：1、优秀在读本科生或研究生，数学、统计学、计算机相关专业优先；2、熟悉数据挖掘语言，能灵活运用scala、java、R、Python中的一种，熟悉科学计算和数据建模相关库；3、勤奋踏实，乐于学习新事物，有良好的团队合作精神和高度责任感。,https://sxsimg.xiaoyuanzhao.com/92/22/92CCC4EF8DA7DFFA1C9E1A67485F3C22.png,深圳道乐,15-50人,"计算机/互联网,金融"
数据分析实习生,100-150／天,广州,本科,5天／周,实习3个月,职位诱惑：公司发展前景好，工作氛围轻松，提供实习补贴及免费三餐,02一、岗位职责：1、负责项目的需求调研、数据分析、商业分析和数据挖掘模型等，通过对用户的行为进行分析了解用户的需求；2、参与业务部门临时数据分析需求的调研、分析及实现，对产品和运营提出优化建议；3、密切关注游戏运营数据，对数据异常及时给出预警；4、需要细致、有责任感、沟通能力强。二、岗位要求：1、17/18本科及以上学历，热爱游戏；2、愿意主动积极沟通，思路清晰，逻辑性强，对数字敏感02；3、有企业数据分析经验可加分。三、薪酬福利：1、薪资福利：薪资+全勤奖+年终奖，法定节假日加班享有足额加班费；2、发展方向：人性化的晋升体制，通过内部培训与实践及多方位提拔优秀人才；3、员工福利：提供免费三餐及下午茶；全勤奖、节日福利、丰厚的年终奖；每月员工生日会、部门团建活动丰富；4、团队精神：和谐、融洽的工作氛围及积极向上的企业文化。02,https://sxsimg.xiaoyuanzhao.com/E1/91/E1455244E7B9AF9A2426BDE79B460291.png,贪玩游戏,500-2000人,计算机/互联网
数据分析师,90-120／天,广州,不限,5天／周,实习10个月,职位诱惑：办公环境好，绩效奖金，员工旅游，餐饮补贴,岗位职责：1、建立、核对、维护公司业务数据，负责数据统计和处理工作；2、完成业务数据的收集、整理和统计，并定期形成数据统计报表；3、发现业务及数据问题，提出优化建议；4、完成领导交给的其他相关工作任务。任职要求：1、专科及以上学历，有一定数据统计工作经验，应届毕业生亦可；2、熟练使用office办公软件；3、工作细致耐心，逻辑思维强，具备良好的团队合作精神；4、热爱工作，敬业、勤恳，乐于思考，具有自我发展的主观愿望和自我学习能力。67,https://sxsimg.xiaoyuanzhao.com/72/27/722D4D5960BB38C287CF5DE05B110427.png,百财帮,50-150人,互联网金融
数据分析实习生,100-120／天,广州,大专,5天／周,实习6个月,"职位诱惑：腾讯投资,牛人带领,轻松氛围,帅哥美女多","职位描述：1、负责市场数据的汇总,包括日报、月报、周报原始数据的整理；2、根据市场需求，提取数据，提供各类型的数据分析报告；3、对市场的数据进行整理，编辑、录入，确保数据准确性并维护。任职要求：1、每周到岗五天（或至少保证周一至周五的“上午”都能到岗）大三学生优先；2、要求细心负责；3、excel技术好；根据能力将安排以下工作：1、市场商务谈判；2、协助处理市场费用报销等；3、app推广工作；4、其它上级交代的事情02为什么奢分期值得你来？1、项目靠谱：腾讯系公司，奢分期，市长都说好2、boss和团队靠谱：团队超强，来自阿里和微信的大牛中的大牛与你共事3、毕业转正将提供与你能力匹配的薪酬，另外还包括以下福利02- 五险一金02- macbook购置补贴02- 餐饮补贴02- 核心成员享有期权02- 零食饮料全部免费提供02- 下班交通补贴02- 带薪年假- 春节特别假按天数计算薪资。02工作地址广州市越秀区东风东路753号天誉商务大厦东塔2807，地铁站杨箕D出口02公司介绍腾讯系公司，奢分期于02201602年创立，获腾讯，招商银行等多家互联网巨头战略投资，通过领先的金融与信息技术，为广大消费者、特别是年轻女性提供优质、便捷的分期消费服务的电子商务运营平台。让奢华触手可及，APP名为“奢分期”。02腾讯双百计划，多家互联网公司领投；优质的消费用户，无可挑剔的消体验；撮合资产和资金交易，金融科技的消费升级；团队来至微信、阿里巴巴大牛，多位金融界精英。工作地址广州02-02越秀区02- 天誉商务大厦东塔2807-2808（杨箕地铁站附近）",https://sxsimg.xiaoyuanzhao.com/B0/F0/B0304C131D7FBCF3C85B4756E1D996F0.png,奢分期,50-150人,计算机/互联网
电商数据分析实习生,100-150／天,广州,本科,4天／周,实习6个月,职位诱惑：知名互联网企业、良好发展前景、猪场伙食好,岗位内容：1、负责日常数据监控和数据分析，定期输出分析报告；2、对接运营活动数据统计、分析需求，保证数据的准确性和时效性；3、研究行业相关知识及竞品动态，进行相关报告的学习、总结和分享；4、收集和整理竞品日常数据和运营动态，输出竞品周报。资格要求：1、本科及以上学历，在校非应届生，电商或移动互联网数据分析实习经验优先；2、对行业资讯搜集分析有浓厚兴趣及自身心得，有耐心，乐于分享；3、主动思考，数据敏感度高，有较好的逻辑思维和数据分析能力，解决问题能力强；4、沟通能力强，热衷于学习，有责任感、有激情，不畏困难；5、熟练运用excel、ppt；6、每周需要到岗4天以上，至少实习半年。注：数据挖掘方向的学生勿投。,https://sxsimg.xiaoyuanzhao.com/company_logo/2015-13/C8Gi4eY7QZfR2N5.png,网易,2000人以上,"互联网,电子商务"
推广与数据分析实习生,100-150／天,广州,本科,3天／周,实习5个月,职位诱惑：师姐带教制 弹性的工作时间 表现优异者可提供转正,职位描述：工作职责：1、了解各大电商平台的运营模式，在同事指导下分析选择合适的推广工具，开展商品和店铺推广，优化流量结构，及相关标题，使推广效果达到最优；3、对推广效果进行跟踪、评估，及时提出改进措施，制定切实可行的优化方案；4、熟练excel等数据分析工具，分析预测店铺运营现状并提出运营优化建议。任职资格：1、本科及以上学历，数学、统计、经济类等理工科专业背景的在校大学生；2、熟练excel操作，较强的学习能力和数据敏感度；3、良好的团队协作意识。,https://sxsimg.xiaoyuanzhao.com/42/CF/4253E925601BC0CEA0074C42283068CF.png,青木科技,500-2000人,计算机/互联网
推广与数据分析专员（应届生）,80-100／天,广州,本科,5天／周,实习17个月,职位诱惑：五险一金、周末双休、年度旅游、绩效奖金、年度体检、带薪假期,工作职责：1、了解各大电商平台的运营模式，熟练使用淘宝、京东等推广工具，如直通车、钻展等；2、分析选择合适的推广工具，开展商品和店铺推广，优化流量结构，使推广效果达到最优；3、对推广效果进行跟踪、评估，及时提出改进措施，制定切实可行的优化方案；4、熟练excel等数据分析工具，分析预测店铺运营现状并提出运营优化建议。任职资格：1、本科及以上学历，数学、统计、经济类等理工科专业背景优先；2、熟练excel操作，对数据分析感兴趣，较强的学习能力和数据敏感度；3、良好的团队协作意识。,https://sxsimg.xiaoyuanzhao.com/42/CF/4253E925601BC0CEA0074C42283068CF.png,青木科技,500-2000人,计算机/互联网
数据分析师实习,100-200／天,广州,本科,5天／周,实习5个月,职位诱惑：颜值高 氛围好 领导好,岗位职责1、与客户沟通，理解、细化客户的商业分析/商业应用需求。需求范围包括：企业网络舆情、品牌网络口碑、消费者洞察、社会化运营数据等；022、使用公司自有的大数据工具以及外部开放工具，根据实际需求进行数据的收集、整理和筛选；023、使用数据研究的各种方法及分析模型，结合相关行业背景，洞悉数据背后的信息与价值，敏锐发现问题并提出合理的解决方案和意见；024、协助承担商业分析/商业应用报告撰写的工作。任职条件1、商科相关专业为佳，或对商业分析/商业应用有浓厚兴趣；022、做过商业分析/商业应用相关实习为佳；023、逻辑清晰、踏实好学、对商业分析/商业应用有热情、熟悉使用Excel、PPT；024、每周至少实习4天，实习期三个月以上。,https://sxsimg.xiaoyuanzhao.com/4B/DE/4BCA14665F5C0B4AA5DB19456680B3DE.png,Datastory数说故事,15-50人,互联网
运营数据分析实习生,100-150／天,广州,本科,5天／周,实习3个月,职位诱惑：上市公司，转正机会，晋升空间，内部培训,岗位职责：1、负责项目数据分析，通过监控及分析，推动项目改进，运营调整；2、负责构建业务数据模型，挖掘业务利润增长点，为新业务拓展提供支持；3、通过数据分析对运营、市场提出建议并推动实施。任职资格：1、统计学、应用数学、计算机、财务会计等相关专业；2、喜欢钻研统计和挖掘方法，懂得使用SPSS等相关数据分析软件；3、较强的数据敏感度，逻辑分析能力和文档写作能力；4、有责任心，良好的沟通能力和组织管理能力以及心理承受能力，勇于接受挑战；,https://sxsimg.xiaoyuanzhao.com/12/FB/122745B3784E5CB2826195D77CB986FB.png,宜通世纪,2000人以上,通信
运营实习生（数据分析方向）,80-90／天,广州,本科,3天／周,实习8个月,职位诱惑：销售数据分析 专业团队 周末双休 互联网上市公司,岗位职责：1、数据收集，筛选，分类，对数据进行深度挖掘并编制工作报告；2、向各部门提供各类准确运营数据及报表，并提出各项解决方案，支持其它业务部门的发展；3、基于销售运营管理深入剖析业务增长点，提炼具体方案，推动项目落地；4、及时向业务线推广平台新功能及新产品，如有问题及时向总部反馈。02任职要求：1、有数据分析/挖掘相关经验者优先；2、2019届本科或以上学历，统计学、数学等专业者优先；3、对数字敏感，思维清晰而有条理，有一定的数据分析能力；4、熟悉office相关软件，精通Excel，有良好的PPT制作能力；5、热爱互联网行业，静如处子，动如脱兔；6、一周至少实习3天，有转正机会，可全职实习者优先录取。,https://sxsimg.xiaoyuanzhao.com/41/9E/419C37ED8DF0600ADB04436F6951FC9E.png,58同城,500-2000人,计算机/互联网
数据分析实习生,80-100／天,广州,不限,5天／周,实习10个月,职位诱惑：注重培养实习生，优秀实习生可留用。,【工作职责】1、负责收集市场各渠道数据资料；2、负责接洽项目信息数据的统计和分析；2、协助市场经理监督合同履约情况；3、完成上级安排的其他工作任务。【任职要求】1、大专以上学历，2019届， 统计学、数学及财会相关专业优先考虑；2、熟练操作Office软件，尤其EXCEL；3、对数字敏感，工作严谨，有较强责任心和团队协作能力！总部位于广州红砖厂创意园，行业TOP5。,https://sxsimg.xiaoyuanzhao.com/9B/DE/9B45D133B1A584896B1AECD178F91DDE.png,山水比德,500-2000人,园林
海外SEM推广实习生（数据分析，广告投放）,100-200／天,广州,大专,5天／周,实习9个月,"职位诱惑：五险一金,晋升空间大,学习机会多,公司实力强","岗位职责：1、负责Facebook & Google adwords 关键词广告和展示广告的海外推广投放分析及数据分析，根据分析结果调整竞价推广，统筹公司Facebook & Google Adwords 广告帐户，优化帐户设置，提高广告转换率；2、进行广告投放,为广告帐户提供广告方案；监控广告的实际投放效果，进行实时优化，并提出和执行相应解决对策；3、独立分析广告投放数据，评估、分析网站的关键词，提供关键词策略；总结投放问题，拟定解决策略；4、网络广告效果监控：每日检测所有投放渠道广告情况，填写效果评估表格，并能准确的定位关键词，能够创造性思维编辑关键词广告。岗位要求：1、本科及以上学历，专业不限；2、英语六级，英语四级但有较强的广告文案撰写能力亦可考虑；3、对电商有一定了解，熟悉国外广告投放（如Facebook、Google adwords等）；4、熟练掌握Excel等办公软件使用，具备较强的数据分析能力；5、有强烈的责任心和团队合作精神，工作严谨细致，善于学习。",https://sxsimg.xiaoyuanzhao.com/51/49/5165C4D8EF8E9A243626637AB41E5A49.png,棒谷网络,2000人以上,计算机/互联网
DSP优化/数据分析助理,80-100／天,"北京,上海,广州",本科,5天／周,实习5个月,职位诱惑：朝阳行业，管理扁平，团队强大，leader给力,【岗位职责】1. 协助优化师负责公司广告客户DSP广告投放的优化工作；2. 与客户沟通，提供优化建议与指导；与项目经理、技术、平台等团队沟通，保证项目顺利进行；3. 对投放数据进行分析，充分利用媒体平台资源，并提供优化策略，使广告投放效果达到最大化；4. 协助制作项目投放总结报告。【任职资格】1. 本科及以上学历，数学、统计学、广告学、市场营销、工商管理等相关专业更佳；2. 有较强的数据分析能力，对数据敏感，熟练使用excel进行数据分析；3. 善于沟通，具备良好的工作态度和创新意识. 优秀的团队精神和合作能力。【校招说明】校招流程：在线网申-简历筛选-在线笔试-线下面试/笔试-Offer-实习-转正,https://sxsimg.xiaoyuanzhao.com/company_logo/2015-38/jC6D3QNEAO5X8fc.jpg,品友互动,150-500人,"互联网,其它"
数据分析实习生,100-120／天,广州,本科,3天／周,实习4个月,职位诱惑：金融风控 发展平台大 学习成长快 团队有爱,岗位职责：1、负责协助对常规报表进行整理及维护；2、根据业务发展的需求，提出相关报表需求，提升监控力度；4、统计分析报表数据结果，能够快速定位业务问题，提升数据异常效率；5、完成上级交办的其他临时性工作；02岗位要求：1、本科（本科在读）以上学历，优先考虑金融数学、统计学等相关专业；每周能到岗3天以上、能实习3个月以上的优先考虑；2、思维敏捷，反应灵敏，对数据敏感、细心，有团队协作精神、工作态度严谨；3、掌握数据处理相关软件，如SAS，SQL，excel，并能完成较复杂数据处理的优先考虑。,https://sxsimg.xiaoyuanzhao.com/A3/D6/A3241E8B343E3C2DF75CD25326A537D6.png,拉卡拉金融公司,500-2000人,"金融,计算机/互联网"
数据分析实习生,120-150／天,"广州,深圳",本科,3天／周,实习2个月,职位诱惑：大数据上市公司 发展空间大 六险一金 牛人多 弹性工作制,职位描述：1.0202对不同项目所需数据进行采集、标注、处理和分析，如：金融、汽车、媒体、快消等行业数据，具备一定的行业知识；2.0202对收集到的行业信息进行数据整合及行业标准化工作；3.0202对行业文字数据敏感，能够发现并反馈数据问题；4.0202对互联网搜索熟悉，熟练使用搜索引擎查阅资料，并对互联网产品、网页结构有了解；5.02对公司部分报告或方案进行英文翻译；6.02根据项目情况参与上述一件或多件工作。02职位要求:1.02在校学生，本科学历以上，英语好、统计、数学和计算机等相关专业优先，懂韩语的优先考虑；2.02做事细心、耐心，稳定性好，有责任心和执行力；023.02具备良好的沟通、协调能力，拥有强烈的责任心和团队协作精神；4.02熟悉使用办公软件，擅长excel最佳。02,https://sxsimg.xiaoyuanzhao.com/E9/A3/E918743C75B329240BE20368785295A3.png,国双科技,500-2000人,计算机/互联网
数据分析（social/tack）,100-120／天,广州,本科,5天／周,实习3个月,职位诱惑：免费咖啡牛奶茶、餐补、互联网行业、发展前景大,实习可转正，全职招聘，倾向于接受2018应届毕业生，入职时间ASAP基础月薪+bonus，13薪。岗位职责：负责广告项目监测数据的收集、整理、筛选，准时准确地完成报告根据监测数据，及时发现问题并提出合理性解决方案及建议在 leader 的指导下，完成季度、年度等大型报告维护现有客户关系，定期为既有客户进行网络广告最新行业动态的培训任职要求：本科及以上学历，广告，市场营销、心理学、 统计等相关专业优先较强的沟通与表达能力工作热情，有服务精神良好的服务意识和团队合作精神学习能力强，有责任心，对数字敏感优秀的英文听说读写能力，能熟练使用 PPT 和 EXCEL,https://sxsimg.xiaoyuanzhao.com/7B/03/7B0BDBACB626E47A836D5CEA71F8F903.png,Admaster,500-2000人,"文化传媒,计算机/互联网"
数据分析专员,100-150／天,广州,本科,5天／周,实习3个月,职位诱惑：国企  六险一金  晋升空间  发展空间,岗位职责（1）负责公司日常运营数据的处理和分析，输出汇报报告；（2）负责公司运营数据的需求调研、数据分析、商业分析和数据挖掘，为公司业务开展提 供数据支持和决策参考；（3）负责公司运营项目的数据跟踪，找出业务的驱动指标，推动业务部门的有序改进；（4）协助根据数据需求构建数据分析、数据挖掘、数据训练等模型；02职位要求：02（1）本科学历，管理类、电子及计算机等相关专业；02（2）1年以上工作经验，有数据分析或设备维保服务工作经验优先考虑；（3）工作责任心强，耐心细致，能承受较大的工作压力，执行力和沟通力强，有良好的学习能力和团队合作精神；02（4）掌握office办公软件，熟练数据库、SQL、R语言、spss、数理统计，数据挖掘软件的优先考虑；（5）能适应国内短时出差。,https://sxsimg.xiaoyuanzhao.com/96/57/96DD228CADA2ACEA37C608C679985657.png,广电银通,2000人以上,金融
前策助理（房地产/项目助理/数据分析）,100-120／天,广州,不限,6天／周,实习3个月,职位诱惑：弹性工作 五险一金 员工旅游 绩效奖金 专业培训 年终奖金,岗位职责：1. 负责房地产相关政策、市场信息、土地信息收集及整理工作，独立完成市场监控、目标产品研究等前期策划基础工作。2.负责对指定区域房地产市场调查、信息收集，建立信息库；4、关注行业动态及市场的最新信息，定期对重点监控区域市场进行市场分析、策划和专题研究。5、具备房地产行业前期定位，产品研究及营销策划等背景，懂广州城市规划、项目规划、产品规划；6、对项目开发提出意见和建议和完成领导安排的其他工作。。02任职资格： 1、专科及以上学历，房地产经营管理、市场营销、建筑设计类等相关专业优先考虑； 2、规划/建筑/房地产/经济地理等专业，持规划/建筑专业资格证优先。 3、3年以上房地产营销策划相关工作经验，有五大行或大中型房地产企业经验优先。 4、熟悉商业地产前策业务、调研及市场分析等工作，熟悉房地产策划，能够完成前期策划可行性研究报告工作；5.有较强的沟通能力，分析判断能力、据分析整理能力和组织协调能力；6、优秀者可担任策划负责人,https://sxsimg.xiaoyuanzhao.com/5E/D2/5E6990C8AF7F397D664C6EABE04335D2.png,合富置业,2000人以上,建筑房产
数据分析,80-100／天,广州,不限,5天／周,实习11个月,职位诱惑：产品供应链整个流程数据流程分析，可以往供应链较高职位发展。,1、负责集团旗下品牌下单数据导入；2、分析月/季大货数据，并形成报告；3、负责与第三方检测机构核对账务；4、每月对大货数据进行统计，以及大货回货计划分析；5、根据合作方案对第三方合作供应商进行监督管理管理。,https://sxsimg.xiaoyuanzhao.com/95/60/95236628E434EED70294FDEBBC08DD60.png,汇美集团,500-2000人,计算机/互联网
数据分析与挖掘,120-200／天,全国,硕士,4天／周,实习3个月,职位诱惑：Mentor计划，转正HC，外企环境,1、 统计学、应用数学、情报学等相关专业硕士生及博士生2、 熟练运用Excel、SPSS、SAS、R、Python等分析软件3、 有数据挖掘、文本挖掘、自然语言理解实际运用经验优先；熟悉SQL脚本优先,https://sxsimg.xiaoyuanzhao.com/54/D3/5473BC41FD084B0D203214C1A5BAC3D3.png,Teradata天睿信科,500-2000人,企业服务
数据分析员,100-150／天,广州,本科,4天／周,实习5个月,职位诱惑：数据分析团   金融科技   条件概率统计,该职位接受暑期实习&长期实习。聚英金融高校联盟：是一个高校投资爱好者的交流平台，专注金融投资教育，以及高校创业项目交流的青年投资俱乐部，旨在为华南地区大学生提供最专业的金融投资教育，最前端的金融人脉圈。数据分析团队致力于通过最前沿的金融科技，并且利用私募机构的数据运算模型，统计各种交易信号出现条件，结合实际交易数据，构建我们庞大的交易数据库，实现数据量化。任职要求：一、对金融投资领域有浓厚的兴趣，立志在该行业长期发展。全日制统招本科或以上学历，金融工科等相关专业毕业，具备证券从业资格证，投顾证者优先考虑；02二、具备国内A股，商品期货等相关分析或学习经验，具备基本分析能力，有独立分析系统的优先考虑；02三、接受公司技术团队完整的技术课程培训，分析系统培训，在公司技术顾问的指导以及结合自身的观点，完成每月任务，为客户服务。02四、抗压能力强、以客观数据为主的分析心态、超强的学习能力与适应环境能力、随机应变能力要非常强。五、优胜劣汰，我们致力培养菁英而非庸才，如果你对自己的实力有信心，欢迎挑战！,https://sxsimg.xiaoyuanzhao.com/61/F8/61CC28DDA4A60A53396B00C112635EF8.jpg,耘蜂语,150-500人,金融
大数据分析/挖掘实习生,100-200／天,广州,本科,4天／周,实习3个月,职位诱惑：基于大数据/BI的数据分析数据挖掘等,基于大数据/BI的数据分析数据挖掘相关工作职位要求：021.本科及以上计算机、电子通讯、数学、统计等相关专业；2.以大三、大四、研一、研二学生为佳，实习3个月以上，每周至少3-4个全天；3.志愿向大数据、BI领域方向发展；4.对数据分析、数据挖掘、多维分析、智能推荐等方面有兴趣；5.对新技术、新应用有钻研精神。,https://sxsimg.xiaoyuanzhao.com/22/B2/22CC264BEAF2CE98C4882C22D9492DB2.png,精点数据,150-500人,互联网
数据分析专员,208-333／天,广州,本科,5天／周,实习7个月,职位诱惑：五险一金/绩效奖金/全勤奖/创新奖/入职体检/企业文化活动,【岗位职责】1.负责部门内运营数据采集、统计与分析工作，并能结合运营实际，提出改善意见和方案；2.针对特定业务问题进行分析并给出报告，如销售分析、客户分析、竞争对手分析等；3.为部门内提供数据支持，包括日常运营数据反馈、业务项目实施数据比对等；4.领导安排的其他工作。02【岗位要求】1.本科以上学历，英语四级或以上，可接受应届毕业生；3.熟悉市场分析或数据分析的主要方法，熟练运用Excel等常用软件；4.对数据敏感，良好的逻辑及系统性思维能力；5.有良好的团队合作精神和沟通能力，具备良好的分析思路并善于学习和思考。02【棒谷提供】1、薪酬：综合薪资5-8K；2、专业培训：专业的培训队伍，为每位新入职员工提供系统的技能培训、职业培训、户外拓展；3、福利待遇：五险一金/绩效奖金/全勤奖/创新奖/年终奖/入职体检/企业文化活动/拓展培训/优秀团队活动经费/大型年会/达标旅游/节日礼物/下午茶；4、带薪假期：带薪年假（5-7天）、国家法定节假日、婚假、产假等；5、工作氛围：开放、轻松、年轻、扁平化管理。,https://sxsimg.xiaoyuanzhao.com/FC/38/FC9F14017AB3AD11ED6ABF43D0F9CA38.jpg,广州棒谷,2000人以上,计算机/互联网
大数据分析实习生,113-172／天,广州,本科,5天／周,实习12个月,职位诱惑：大型国企、高温补贴、工会经费、补充商保、实习证明,岗位职责：1.负责大数据关联分析平台数据测试；2.负责大数据关联分析平台信息统计、文档资料整理任职要求：1.计算机或通信相关专业2.优秀者可转正。,https://sxsimg.xiaoyuanzhao.com/A5/E0/A5E307F2F0C896172BF8274C2ECD37E0.png,广电银通,2000人以上,企业服务
实习数据分析师,80-120／天,广州,本科,4天／周,实习9个月,职位诱惑：转正机会，项目团队，内部培训，周末双休，,【岗位职责】1、通过数据统计与业务分析对运营商业务的进行分析、洞察、建议；2、能进行有效的沟通，独自负责部分分析工作的完成；【岗位要求】1、在校大三、大四、研二学生，每周能提供至少4天实习（周一至周五），可实习3个月以上；2、管理、通信、计算机、营销等专业，本科及以上学历；3、有扎实的SQL、Excel、PPT功底，能高效处理大量数据，并从中分析，发现问题，完成分析报告撰写，并提出改善建议。熟练使用VBA、Power Bi或其他工具者优先；4、有良好的逻辑思维及沟通能力、良好的团队合作精神。责任心、配合度强，可接受加班；5、应届毕业生，表现优秀可提供转正机会；,https://sxsimg.xiaoyuanzhao.com/EC/69/EC6AF40A061AEFA0729D3816671F1969.png,觅游信息,50-150人,"互联网,通信/电子"
医疗数据分析-实习生,150-220／天,广州,本科,5天／周,实习6个月,职位诱惑：世界500强，弹性工作,医疗大数据尤其是影像大数据已经成为当今AI领域最炙手可热的方向，我们团队由多位海归博士组成，位于广州的研发团队由计算机，统计，机器学习机临床人员组成，专注于医学影像数据分析，统计建模，机器学习建模及相关科研研究，现招聘一位数据科学实习生：职位描述：1. 0202利用临床数据，进行相应统计，机器学习建模，分析数据，构建相应预测模型。。2. 02 协助医院进行科研项目跟进，和医院工作人员沟通项目进展。3. 02 相关文献的调研及良好的英文读写能力。4. 02 搜集相关领域文章，对文章中描述的大数据，数据挖掘方法进行实现，形成可使用的模块。5.02 02关注相关领域的前沿方向，形成科研调研报告。职位要求：1. 熟练掌握统计学习，机器学习建模算法（logistic regression、SVM、RF等）及拥有相关项目经历。2. 熟练掌握英文文献阅读能力。3. 具有较强的数学，统计功底。4. 熟练掌握以下两门统计语言之一：R，Python。5. 计算机，统计，生物医学工程，应用或基础数学，物理等专业，保研、研一、研二优先。,https://sxsimg.xiaoyuanzhao.com/D2/CA/D227EDD79E5ED2EB630BD32FD83E31CA.jpg,GE Healthcare,150-500人,医药
管理培训生(数据与流程分析方向),300-500／天,广州,不限,5天／周,实习8个月,职位诱惑：晋升空间大/优秀团队/五险一金/创新奖/绩效奖/团队拓展,【岗位职责】1、负责收集、整理并分析采购部门需求，与业务负责人讨论、确认需求；2、管理需求、组织需求和设计评审，跟进需求在后续每个流程环节的落实；3、对需求变更进行影响分析，并跟进后续每个流程环节的落实；4、参与系统功能验收工作，组织关键用户进行功能培训及用户操作手册的编写。【岗位要求】1、17及18届本科及以上学历毕业生，财务、物流、电子商务、数学等相关专业，CET-4同等或以上水平；2、具有较强的口头表达及文档撰写能力，能准确书写符合规范的需求分析、解决方案等文档；3、具备一定的业务梳理及分析能力，能结合业务情况提出合适的方案和建议；4、熟练运用需求分析过程中涉及的工具（如流程图工具、原型设计工具等）；5、具备良好的沟通协调能力、组织能力及学习能力，责任心强，能够承受较大的工作压力。6、有一定的财务基础者优先考虑。【棒谷提供】1、薪酬：综合6-10K，优秀者面议；2、专业培训：专业的培训队伍，为每位新入职员工提供系统的技能培训、职业培训、户外拓展；3、福利待遇：五险一金/绩效奖金/全勤奖/创新奖/年终奖/入职体检/企业文化活动/拓展培训/优秀团队活动经费/大型年会/达标旅游/节日礼物/下午茶；4、带薪假期：带薪年假（5-7天）、国家法定节假日、婚假、产假等；5、工作氛围：开放、轻松、年轻、扁平化管理。67,https://sxsimg.xiaoyuanzhao.com/FB/42/FBBA18E3E7D9BDFDA1C4D51DE1C4CB42.png,棒谷科技,2000人以上,计算机/互联网
数据分析/挖掘工程师,120-180／天,广州,本科,5天／周,实习3个月,职位诱惑：可转正，大数据专家级人物带领,工作职责：1、负责日常经营数据的统计与分析；2、负责公司相关部门的日、周、月、季报等数据汇报工作；3、根据产品、业务、运营等部门的专题分析需求，编写相应的分析报告；岗位要求：1、67本科及以上学历，18年应届毕业生，统计学、应用数学等相关专业；672、了解业内主流的数据分析挖掘工具；3、工作认真细心，责任心强，良好的沟通技巧和推动能力；4、能承受一定工作压力。,https://sxsimg.xiaoyuanzhao.com/A5/71/A56C191F25AE6586FC21903FDC601571.png,时代大数据,150-500人,计算机/互联网
（2019届实习生）数据分析师,180-280／天,广州,本科,3天／周,实习3个月,"职位诱惑：千万级用户,工作氛围好,知识分享,团队大牛多",岗位职责:1、跟进虎牙直播的数据统计、核实工作；2、参与数据报表优化工作；3、参与分析结论提取和分析报告撰写；4、参与数据挖掘与精准营销工作。任职资格:1、2019届本科及以上学历，统计/数学/信息科学/金融/公共管理等专业优先；2、较强的逻辑分析能力和独立思考能力，理解用户需求，思维严谨、灵活；3、工作态度认真负责，良好的沟通、协调能力，执行能力，能承担工作压力；4、熟悉计算机操作及office系列软件；5、对网络直播这一休闲方式有兴趣，熟悉网络直播业务优先；6、实习表现优秀者，有机会提前获得2019届校园招聘offer。,https://sxsimg.xiaoyuanzhao.com/56/84/56730541EB86A01518282E6AACB59784.png,虎牙信息,500-2000人,计算机/互联网
数据分析实习生,100-120／天,广州,不限,4天／周,实习4个月,职位诱惑：数据模型、算法研究，地铁周边，国家假期，团建活动,职位描述：1. 参与商业项目需求分析，协助制定方案，完成报告；2. 在指导下获取和整理业务所需的数据；3.02在指导下持续完善业务分析模型和算法；4.02定期输出数据分析报告。职位要求：1.大四或研二学生，计算机、工商管理、市场营销、金融、经济学、数学、社会学、房地产、城市规划等相关专业优先；2.一周实习4-5天优先，需保证实习3月以上（周末双休）；3.具备系统的数据收集能力和独立思考能力，具有数据敏感度，沟通能力好；4.有课外数据分析练手、参与数学建模比赛、参加数据挖掘和分析比赛者优先；5.ASAP,https://sxsimg.xiaoyuanzhao.com/D0/9E/D0848DCCCEFF273F1C09D531630F8F9E.png,留海科技,15-50人,计算机/互联网
Inspector 稽核专员-数据分析实习生,150-151／天,广州,本科,5天／周,实习2个月,职位诱惑：老板好，500强，快消，知名外企，职业发展迅速,"职责描述：1. Work with other Kraft Heinz China Inspection team members to drive savings for the company与卡夫亨氏中国区其他稽查同事一起，共同努力为公司优化经费使用效率2. Inspection Data Analysis: Perform data analysis to identify potential risk are and evaluate the D&A usage effectiveness;02通过数据分析识别潜在风险领域，并评估促销费用投入的有效性3. Inspection Reporting: Prepare inspection report and present to Regional Inspection Manager and Head of Internal Control撰写稽查报告，并向区域稽查经理和内控总监汇报4. Key Issue follow-up02跟踪处理关键问题任职要求：1. Bachelor degree and above, prefer to whom major at the mathematics02or computer science;本科及以上，首选一本院校毕业生，希望是数学和计算机相关专业2. Strong data analytical skill and good at Excel - VBA/ Access software (must);出色的数据分析能力，熟练掌握Excel - VBA/Access (一定需要)023. FMCG internship experience is a plus;具备在快速消费品行业实习经验者优先；4. Fundamental English writing skill;具备基础的英语书面交流能力5. Sales process knowledge required; Finance knowledge is advantage;了解销售流程，熟悉财务者优先6. Good communication skills;优秀的交流能力7. Strong ownership and can think out of box;强烈的主人翁意识，有创造性思维8. The working location will be based Guangzhou工作地点在广州",https://sxsimg.xiaoyuanzhao.com/DB/FA/DBBA57D57878DFDEDC27BB489D4094FA.png,卡夫亨氏,2000人以上,快消
数据分析实习生,90-110／天,广州,本科,3天／周,实习6个月,职位诱惑：弹性工作制，环境舒适，氛围轻松,该职位接受暑期实习&长期实习。工作职责：02 02 1、协助人力资源系统项目的实施；02 02 2、系统操作手册书写；02 02 3、系统运维，负责与相关人员进行日常的沟通事务；02 02 4、对业务状况进行简单的分析并给出意见和建议。任职要求：02 02 1、大二大三，计算机专业及相关专业优先；02 02 2、每周至少提供三天工作时间，实习期半年以上；02 02 3、思路清晰，考虑问题细致、严谨负责、踏实敬业，02 02 4、熟悉使用办公软件，熟练使用excel者优先；02 02 5、对数据库有大致了解,https://sxsimg.xiaoyuanzhao.com/B4/91/B4763CA1B9CE811B42E64CE713CDB291.jpg,卓越教育,2000人以上,教育培训
数据分析实习生,80-81／天,广州,本科,4天／周,实习3个月,职位诱惑：可得实习证明,岗位职责:1.管理部门报表体系，根据业务发展调整报表结构，并根据业务发展提供数据分析支持；2.按时编写各类业务运营报表及运营数据支持。任职资格:1.全日制本科及以上学历，统计学、金融、经济学等相关专业优先；2.一周能实习4天以上，不含周末，表现优秀者可以转正；3.熟悉SAS，可熟悉使用office软件，具备较强的执行力、数据分析的逻辑思维能力。,https://sxsimg.xiaoyuanzhao.com/45/11/45077CEBFAA50000C52206B228BF7E11.jpg,广州银行信用卡中心,500-2000人,金融/保险
大数据分析顾问,130-150／天,全国,不限,5天／周,实习12个月,职位诱惑：运用大数据分析工具，进行数据建模设计与分析,人员要求：2019届应届毕业生，理工类或管理类专业本科以上学历，计算机相关专业优先；通过英语四级，能使用英文进行听说读写；具有良好的逻辑分析和解决问题的能力；具备沟通协调能力和良好的团队协作精神；适应力强且喜欢接受挑战，能在压力下工作；熟练掌握C、JAVA、.Net、Python等开发语言者优先；学过R语言或其他大数据分析工具者优先，具备Hadoop开发经验者优先。67,https://sxsimg.xiaoyuanzhao.com/AF/46/AFEFD6BC4C2077C409A3A749BDA59646.png,凯捷咨询,2000人以上,计算机/互联网
数据分析实习,80-100／天,广州,本科,3天／周,实习4个月,职位诱惑：优秀团队 内部培训  扁平管理   周末双休,岗位职责：021、参与业务需求调研，了解业务数据需求，与项目团队沟通并推进落实需求；022、根据业务需求整理数据统计逻辑，并进行数据处理分析；023、根据业务需求进行数据统计并形成报告分析，为业务运营提供数据支持。02任职要求：021、大学本科及以上学历，计算机相关专业；022、良好的数据敏感度，能从海量数据提炼核心结果；023、了解Oracle数据库，掌握SQL语句，熟练操作Excel；024、喜欢研究分析，能够以规范文字进行数据分析并形成汇报；025、有耐心有责任心，良好的沟通能力，善于协作，具备良好团队合作精神。,https://sxsimg.xiaoyuanzhao.com/FB/F4/FB0B71A2B4BB48126105C54ED15A06F4.png,利通研究院,150-500人,计算机/互联网
